{
  "Ts": [
    2,
    3,
    4,
    5,
    6
  ],
  "alphas": [
    0.3,
    0.5,
    0.7,
    0.9
  ],
  "acc_matrix": [
    [
      0.9103325415676959,
      0.9061757719714965,
      0.9040973871733967,
      0.9055819477434679,
      0.9058788598574822
    ],
    [
      0.9043942992874109,
      0.9043942992874109,
      0.9035035629453682,
      0.9011282660332541,
      0.9017220902612827
    ],
    [
      0.9055819477434679,
      0.9023159144893111,
      0.9002375296912114,
      0.9002375296912114,
      0.8993467933491687
    ],
    [
      0.9064726840855107,
      0.9020190023752969,
      0.9023159144893111,
      0.9017220902612827,
      0.9011282660332541
    ]
  ],
  "selected_T": 4.0,
  "selected_alpha": 0.7,
  "selected_val_acc": 0.9002375296912114,
  "main_test_acc": 89.88864142538976
}