{
  "Ts": [
    1.0,
    2,
    3,
    4,
    5,
    6
  ],
  "alphas": [
    0.3,
    0.5,
    0.7,
    0.9
  ],
  "acc_matrix": [
    [
      0.9189429928741093,
      0.9159738717339667,
      0.9177553444180523,
      0.9159738717339667,
      0.916270783847981,
      0.9147862232779097
    ],
    [
      0.9192399049881235,
      0.9177553444180523,
      0.9153800475059383,
      0.9153800475059383,
      0.9147862232779097,
      0.9165676959619953
    ],
    [
      0.918646080760095,
      0.916270783847981,
      0.9165676959619953,
      0.9153800475059383,
      0.9165676959619953,
      0.9144893111638955
    ],
    [
      0.9147862232779097,
      0.9171615201900237,
      0.9159738717339667,
      0.9165676959619953,
      0.9135985748218527,
      0.915083135391924
    ]
  ],
  "selected_T": 1.0,
  "selected_alpha": 0.3,
  "selected_val_acc": 0.9189429928741093,
  "main_test_acc": 91.15812917594654
}