{
  "Ts": [
    2,
    3,
    4,
    5,
    6
  ],
  "alphas": [
    0.3,
    0.5,
    0.7,
    0.9
  ],
  "acc_matrix": [
    [
      0.9124109263657957,
      0.911520190023753,
      0.9112232779097387,
      0.9112232779097387,
      0.9109263657957245
    ],
    [
      0.913895486935867,
      0.91270783847981,
      0.9106294536817102,
      0.9109263657957245,
      0.9121140142517815
    ],
    [
      0.9106294536817102,
      0.9103325415676959,
      0.9112232779097387,
      0.9094418052256532,
      0.9097387173396675
    ],
    [
      0.9124109263657957,
      0.9109263657957245,
      0.9079572446555819,
      0.9091448931116389,
      0.9106294536817102
    ]
  ],
  "selected_T": 2.0,
  "selected_alpha": 0.5,
  "selected_val_acc": 0.913895486935867,
  "main_test_acc": 90.95768374164811
}