{"scaler_mean": [14.429533163171381, 6.200193413851018, 4.8186814046193165, 11.723036217560336, 10.51735001179473, 10.580045318254715, 9.344495402197351, 2.609363526696219, 6.832565985646679, 5.029627768360251, 13.196107076688655, 11.473876843910144, 4502718.129322518, 11366585.53419682, 12827457.23534388, 14806215.542557565, 1819483.4352798245, 11033338.32798794, 12373276.84894383, 14167885.203947369, 1685896.1187572018], "scaler_scale": [4.858653027854514, 5.72498655975769, 5.639794623325721, 6.301260274128815, 7.103439479216279, 5.812987436142925, 6.477040138327, 2.836075166319311, 3.7342648338530093, 4.286748019994442, 4.529387557835231, 3.998649963221959, 10868174.200061437, 33379676.624609962, 33463373.315011673, 34232455.92541518, 5948720.901605762, 33280234.22335613, 33378347.59062334, 34117575.17593559, 5838228.967216053], "label_encoder_classes": ["browsing", "chat", "email", "file_transfer", "p2p", "video", "voip"], "feat_names": ["duration", "min_fiat", "min_biat", "max_fiat", "max_biat", "mean_fiat", "mean_biat", "flowPktsPerSecond", "flowBytesPerSecond", "min_flowiat", "max_flowiat", "mean_flowiat", "std_flowiat", "min_active", "mean_active", "max_active", "std_active", "min_idle", "mean_idle", "max_idle", "std_idle"]}